Original Air Date,Title,Instructor,Length,Type
Sat Jun 20 12:11:00 2020,5 min Kindness Meditation: From Home,Aditi Shah,5.0,Emotions
Fri Jun 19 15:05:00 2020,10 min Breathe In, Speak Up Meditation,Chelsea Jackson Roberts,10.0,Mindfulness
Thu Jun 18 11:41:00 2020,10 min Meditation for Healing,Aditi Shah,10.0,Emotions
Wed Jun 17 13:04:00 2020,10 min Courage Meditation,Ross Rayburn,10.0,Emotions
Wed Jun 17 07:00:00 2020,10 min Relaxing Meditation,Chelsea Jackson Roberts,10.0,Emotions
Wed Jun 17 06:36:00 2020,5 min Sleep Meditation,Anna Greenberg,4.983333333333333,Relax & Sleep
Fri Jun 12 07:00:00 2020,5 min Sleep Meditation,Chelsea Jackson Roberts,5.0,Relax & Sleep
Wed Jun 10 15:03:00 2020,10 min Acceptance Meditation,Kristin McGee,10.0,Emotions
Wed Jun 10 07:00:00 2020,5 min Patience Meditation,Ross Rayburn,5.0,Emotions
Tue Jun  9 07:00:00 2020,10 min Breathing Meditation,Chelsea Jackson Roberts,10.0,Mindfulness
Mon Jun  8 13:00:00 2020,5 min Relaxing Meditation,Kristin McGee,5.0,Emotions
Fri Jun  5 15:04:00 2020,10 min Peace Meditation,Chelsea Jackson Roberts,10.0,Emotions
Thu Jun  4 07:00:00 2020,5 min Meditation for Healing: From Home,Aditi Shah,5.0,Emotions
Wed Jun  3 15:29:00 2020,10 min Breathe In, Speak Up Meditation,Chelsea Jackson Roberts,10.0,Mindfulness
Wed Jun  3 13:04:00 2020,10 min Kindness Meditation,Kristin McGee,10.0,Emotions
Fri May 29 15:21:00 2020,10 min Gratitude Meditation,Kristin McGee,10.0,Emotions
Fri May 29 15:00:00 2020,10 min Peace Meditation: From Home,Ross Rayburn,10.0,Emotions
Wed May 27 07:00:00 2020,10 min Happiness Meditation,Chelsea Jackson Roberts,10.0,Emotions
Wed May 27 07:00:00 2020,5 min Body Scan Meditation,Chelsea Jackson Roberts,5.0,Mindfulness
Tue May 19 12:08:00 2020,10 min Sleep Meditation: From Home,Ross Rayburn,10.0,Relax & Sleep
Wed May 13 11:24:00 2020,20 min Relaxing: Live from Home,Aditi Shah,20.0,Emotions
Thu May  7 11:25:00 2020,20 min Courage: Live from Home,Ross Rayburn,20.0,Emotions
Tue May  5 05:50:00 2020,10 min Peace Meditation,Aditi Shah,10.0,Emotions
Thu Apr 30 05:45:00 2020,15 min Peace Meditation,Anna Greenberg,15.0,Emotions
Wed Apr 29 16:00:00 2020,10 min Sleep Meditation,Aditi Shah,10.0,Relax & Sleep
Wed Apr 29 09:24:00 2020,Zen in Ten: Live from Home,Aditi Shah,10.0,Zen in Ten
Mon Apr 27 09:22:00 2020,Zen in Ten: Live from Home,Aditi Shah,10.0,Zen in Ten
Fri Apr 24 14:30:00 2020,10 min Peace Meditation,Ross Rayburn,10.0,Emotions
Fri Apr 24 09:24:00 2020,Zen in Ten: Live from Home,Aditi Shah,10.0,Zen in Ten
Wed Apr 22 09:27:00 2020,Zen in Ten: Live from Home,Aditi Shah,10.0,Zen in Ten
Tue Apr  7 06:30:00 2020,10 min Energizing Meditation,Anna Greenberg,10.0,Emotions
Fri Apr  3 07:30:00 2020,5 min Family Meditation,Anna Greenberg,5.0,Mindfulness
Fri Apr  3 07:30:00 2020,10 min Family Meditation,Ross Rayburn,10.0,Mindfulness
Fri Apr  3 07:30:00 2020,10 min Family Meditation,Aditi Shah,10.0,Mindfulness
Fri Apr  3 07:30:00 2020,5 min Family Meditation,Kristin McGee,5.0,Mindfulness
Thu Apr  2 11:17:00 2020,10 min Gratitude Meditation,Aditi Shah,10.0,Emotions
Tue Mar 31 06:30:00 2020,10 min Meditation for Healing,Kristin McGee,10.0,Emotions
Tue Mar 31 06:30:00 2020,10 min Breathing Meditation,Anna Greenberg,10.0,Mindfulness
Sun Mar 29 11:17:00 2020,10 min Relaxing Meditation,Ross Rayburn,9.933333333333334,Emotions
Thu Mar 26 11:16:00 2020,10 min Calming Meditation,Aditi Shah,10.0,Emotions
Tue Mar 24 11:17:00 2020,10 min Courage Meditation,Ross Rayburn,10.0,Emotions
Tue Mar 24 06:30:00 2020,10 min Relaxing Meditation,Aditi Shah,11.0,Emotions
Sun Mar 22 08:17:00 2020,10 min Breathing Meditation,Kristin McGee,10.0,Mindfulness
Sat Mar 21 08:30:00 2020,10 min Calming Meditation,Ross Rayburn,10.0,Emotions
Fri Mar 20 08:16:00 2020,10 min Kindness Meditation,Aditi Shah,10.0,Emotions
Sun Mar 15 10:00:00 2020,5 min Basics: Emotional Balance,Anna Greenberg,5.0,Meditation Basics
Sun Mar 15 09:30:00 2020,5 min Mid-Night Meditation,Anna Greenberg,5.0,Relax & Sleep
Sun Mar 15 08:30:00 2020,5 min Empathy Meditation,Anna Greenberg,5.0,Emotions
Thu Mar 12 16:00:00 2020,10 min Breathing Meditation,Aditi Shah,10.0,Mindfulness
Thu Mar 12 14:06:00 2020,10 min Meditation for Healing,Aditi Shah,10.0,Emotions
Tue Mar 10 17:01:00 2020,10 min Sleep Meditation,Ross Rayburn,10.0,Relax & Sleep
Tue Mar 10 08:53:00 2020,5 min Sleep Meditation,Aditi Shah,5.0,Relax & Sleep
Tue Mar 10 05:31:00 2020,20 min Energizing Meditation,Anna Greenberg,20.0,Emotions
Mon Mar  9 17:01:00 2020,10 min Empathy Meditation,Kristin McGee,10.0,Emotions
Mon Mar  9 13:23:00 2020,5 min Peace Meditation,Ross Rayburn,5.0,Emotions
Mon Mar  9 08:48:00 2020,Zen in Ten,Anna Greenberg,10.0,Zen in Ten
Fri Mar  6 08:49:00 2020,Zen in Ten,Kristin McGee,10.0,Zen in Ten
Thu Mar  5 16:00:00 2020,10 min Courage Meditation,Aditi Shah,10.0,Emotions
Thu Mar  5 15:31:00 2020,20 min Kindness Meditation,Anna Greenberg,20.0,Emotions
Thu Mar  5 08:49:00 2020,Zen in Ten: Body Scan Meditation,Ross Rayburn,10.0,Zen in Ten
Wed Mar  4 17:01:00 2020,10 min Sleep Meditation,Anna Greenberg,10.0,Relax & Sleep
Tue Mar  3 17:02:00 2020,10 min Breathing Meditation,Ross Rayburn,10.0,Mindfulness
Tue Mar  3 08:49:00 2020,Zen in Ten: Peace Meditation,Aditi Shah,10.0,Zen in Ten
Mon Mar  2 17:01:00 2020,10 min Relaxing Meditation,Kristin McGee,10.0,Relax & Sleep
Mon Mar  2 15:32:00 2020,20 min Calming Meditation,Ross Rayburn,20.0,Emotions
Mon Mar  2 13:22:00 2020,5 min Sleep Deeper Meditation,Ross Rayburn,5.0,Relax & Sleep
Mon Mar  2 08:49:00 2020,Zen in Ten,Anna Greenberg,10.0,Zen in Ten
Mon Mar  2 08:00:00 2020,5 min Happiness Meditation,Anna Greenberg,5.0,Emotions
Sun Mar  1 09:29:00 2020,5 min Breathing Meditation,Kristin McGee,5.0,Mindfulness
Sun Mar  1 09:10:00 2020,10 min Sleep Meditation,Kristin McGee,10.0,Emotions
Fri Feb 28 08:49:00 2020,Zen in Ten,Kristin McGee,10.0,Zen in Ten
Fri Feb 28 07:59:00 2020,10 min Meditation for Healing,Kristin McGee,10.0,Emotions
Fri Feb 28 08:00:00 2020,5 min Mid-Night Meditation,Kristin McGee,4.983333333333333,Relax & Sleep
Thu Feb 27 16:00:00 2020,10 min Kindness Meditation,Aditi Shah,10.0,Emotions
Thu Feb 27 15:31:00 2020,20 min Relaxing Meditation,Anna Greenberg,20.0,Relax & Sleep
Thu Feb 27 13:51:00 2020,10 min Courage Meditation,Anna Greenberg,10.0,Emotions
Thu Feb 27 08:49:00 2020,Zen in Ten: Breathing Meditation,Ross Rayburn,10.0,Zen in Ten
Thu Feb 27 08:04:00 2020,5 min Body Scan Meditation,Ross Rayburn,4.983333333333333,Mindfulness
Thu Feb 27 07:48:00 2020,5 min Seasonal Meditation,Kristin McGee,5.0,Mindfulness
Wed Feb 26 17:01:00 2020,10 min Breathing Meditation,Anna Greenberg,10.0,Mindfulness
Wed Feb 26 15:31:00 2020,20 min Calming Meditation,Aditi Shah,20.0,Emotions
Wed Feb 26 13:24:00 2020,5 min Peak Performance Meditation ,Aditi Shah,5.0,Fitness Focus
Wed Feb 26 08:48:00 2020,Zen in Ten,Kristin McGee,10.0,Zen in Ten
Tue Feb 25 17:01:00 2020,10 min Relaxing Meditation,Ross Rayburn,10.0,Relax & Sleep
Tue Feb 25 09:00:00 2020,Zen in Ten: Acceptance Meditation,Aditi Shah,10.0,Zen in Ten
Mon Feb 24 08:48:00 2020,Zen in Ten,Anna Greenberg,10.0,Zen in Ten
Mon Feb 24 08:08:00 2020,10 min Body Scan Meditation,Anna Greenberg,10.0,Mindfulness
Fri Feb 21 08:50:00 2020,Zen in Ten,Kristin McGee,10.0,Zen in Ten
Fri Feb 21 08:00:00 2020,5 min Seasonal Meditation,Anna Greenberg,5.0,Mindfulness
Thu Feb 20 16:00:00 2020,10 min Energizing Meditation,Aditi Shah,10.0,Emotions
Thu Feb 20 13:21:00 2020,5 min Level Up Meditation,Anna Greenberg,5.0,Fitness Focus
Thu Feb 20 08:49:00 2020,Zen in Ten: Peace Meditation,Ross Rayburn,10.0,Zen in Ten
Thu Feb 20 08:07:00 2020,5 min Breathing Meditation,Ross Rayburn,4.983333333333333,Mindfulness
Wed Feb 19 17:01:00 2020,10 min Calming Meditation,Anna Greenberg,10.0,Relax & Sleep
Wed Feb 19 13:59:00 2020,5 min Patience Meditation,Aditi Shah,5.0,Emotions
Wed Feb 19 08:48:00 2020,Zen in Ten,Kristin McGee,10.0,Zen in Ten
Wed Feb 19 07:00:00 2020,15 min Sleep Meditation,Kristin McGee,15.0,Relax & Sleep
Wed Feb 19 06:55:00 2020,10 min Sleep Meditation,Anna Greenberg,10.0,Relax & Sleep
Wed Feb 19 06:50:00 2020,10 min Sleep Meditation,Aditi Shah,10.0,Relax & Sleep
Wed Feb 19 06:45:00 2020,10 min Sleep Meditation,Ross Rayburn,10.0,Relax & Sleep
Wed Feb 19 06:40:00 2020,10 min Savasana Meditation,Anna Greenberg,10.0,Relax & Sleep
Wed Feb 19 06:35:00 2020,10 min Sleep Meditation,Aditi Shah,10.0,Relax & Sleep
Wed Feb 19 06:30:00 2020,5 min Sleep Meditation,Kristin McGee,5.0,Relax & Sleep
Wed Feb 19 06:25:00 2020,10 min Sleep Meditation,Ross Rayburn,10.0,Relax & Sleep
Wed Feb 19 06:20:00 2020,5 min Sleep Meditation,Anna Greenberg,5.0,Relax & Sleep
Wed Feb 19 06:15:00 2020,5 min Sleep Meditation,Aditi Shah,5.0,Relax & Sleep
Wed Feb 19 06:10:00 2020,5 min Sleep Meditation ,Kristin McGee,5.0,Relax & Sleep
Wed Feb 19 06:05:00 2020,5 min Sleep Meditation,Anna Greenberg,5.0,Relax & Sleep
Wed Feb 19 06:00:00 2020,5 min Savasana Meditation ,Ross Rayburn,5.0,Relax & Sleep
Wed Feb 19 05:55:00 2020,5 min Sleep Meditation,Aditi Shah,5.0,Relax & Sleep
Wed Feb 19 05:50:00 2020,5 min Intro to Sleep Meditation,Ross Rayburn,5.0,Relax & Sleep
Tue Feb 18 08:49:00 2020,Zen in Ten: Body Scan Meditation,Aditi Shah,10.0,Zen in Ten
Tue Feb 18 07:53:00 2020,5 min Empathy Meditation,Aditi Shah,4.983333333333333,Emotions
Mon Feb 17 08:50:00 2020,Zen in Ten,Anna Greenberg,10.0,Zen in Ten
Mon Feb 17 07:50:00 2020,10 min Acceptance Meditation,Anna Greenberg,10.0,Emotions
Sun Feb 16 08:57:00 2020,10 min Body Scan Meditation,Kristin McGee,10.0,Mindfulness
Fri Feb 14 12:30:00 2020,10 min Seasonal Meditation,Aditi Shah,10.0,Mindfulness
Fri Feb 14 08:47:00 2020,Zen in Ten,Kristin McGee,10.0,Zen in Ten
Thu Feb 13 16:00:00 2020,10 min Gratitude Meditation,Aditi Shah,10.0,Emotions
Thu Feb 13 09:13:00 2020,10 min Meditation for Healing,Ross Rayburn,10.0,Emotions
Thu Feb 13 09:19:00 2020,10 min Long Run Meditation,Ross Rayburn,10.0,Fitness Focus
Thu Feb 13 08:48:00 2020,Zen in Ten: Energizing Meditation,Ross Rayburn,10.0,Zen in Ten
Wed Feb 12 08:49:00 2020,Zen in Ten,Kristin McGee,10.0,Zen in Ten
Tue Feb 11 17:01:00 2020,10 min Seasonal Meditation,Ross Rayburn,10.0,Mindfulness
Tue Feb 11 08:47:00 2020,Zen in Ten: Happiness Meditation,Aditi Shah,10.0,Zen in Ten
Tue Feb 11 05:31:00 2020,20 min Peace Meditation,Anna Greenberg,20.0,Emotions
Mon Feb 10 17:01:00 2020,10 min Kindness Meditation,Kristin McGee,10.0,Emotions
Mon Feb 10 15:32:00 2020,20 min Breathing Meditation,Ross Rayburn,20.0,Mindfulness
Mon Feb 10 13:50:00 2020,5 min Calming Meditation,Ross Rayburn,5.0,Relax & Sleep
Mon Feb 10 08:49:00 2020,Zen in Ten,Anna Greenberg,10.0,Zen in Ten
Sun Feb  9 09:06:00 2020,10 min Sleep Meditation,Kristin McGee,10.0,Relax & Sleep
Sun Feb  9 08:58:00 2020,5 min Rest Day Meditation,Kristin McGee,5.0,Fitness Focus
Fri Feb  7 06:27:00 2020,5 min Peace Meditation,Kristin McGee,5.0,Emotions
Thu Feb  6 16:00:00 2020,10 min Acceptance Meditation,Aditi Shah,10.0,Emotions
Wed Feb  5 17:01:00 2020,10 min Patience Meditation,Anna Greenberg,10.0,Emotions
Wed Feb  5 15:31:00 2020,20 min Relaxing Meditation,Aditi Shah,20.0,Relax & Sleep
Wed Feb  5 09:00:00 2020,Zen in Ten,Kristin McGee,10.0,Zen in Ten
Wed Feb  5 05:31:00 2020,20 min Courage Meditation,Kristin McGee,20.0,Emotions
Tue Feb  4 16:18:00 2020,30 min Sleep Meditation,Ross Rayburn,30.0,Relax & Sleep
Tue Feb  4 08:47:00 2020,Zen in Ten: Calming Meditation,Aditi Shah,10.0,Zen in Ten
Tue Feb  4 07:49:00 2020,10 min Breathing Meditation,Aditi Shah,10.0,Mindfulness
Mon Feb  3 15:31:00 2020,20 min Empathy Meditation,Ross Rayburn,20.0,Emotions
Mon Feb  3 08:48:00 2020,Zen in Ten,Anna Greenberg,10.0,Zen in Ten
Mon Feb  3 08:08:00 2020,5 min Body Scan Meditation,Anna Greenberg,5.0,Mindfulness
Mon Feb  3 07:47:00 2020,5 min Gratitude Meditation,Anna Greenberg,5.0,Emotions
Fri Jan 31 08:47:00 2020,Zen in Ten,Aditi Shah,10.0,Zen in Ten
Thu Jan 30 17:01:00 2020,10 min Relaxing Meditation,Aditi Shah,10.0,Relax & Sleep
Thu Jan 30 08:49:00 2020,Zen in Ten,Ross Rayburn,10.0,Zen in Ten
Thu Jan 30 07:59:00 2020,10 min Basics: Finding Your Seat,Ross Rayburn,10.0,Meditation Basics
Thu Jan 30 07:51:00 2020,5 min Energizing Meditation,Ross Rayburn,5.0,Emotions
Wed Jan 29 08:47:00 2020,Zen in Ten,Kristin McGee,10.0,Zen in Ten
Wed Jan 29 07:47:00 2020,10 min Acceptance Meditation,Kristin McGee,10.0,Emotions
Tue Jan 28 16:18:00 2020,10 min Calming Meditation,Ross Rayburn,10.0,Relax & Sleep
Tue Jan 28 08:49:00 2020,Zen in Ten,Aditi Shah,10.0,Zen in Ten
Tue Jan 28 08:23:00 2020,5 min Basics: Witness Meditation,Aditi Shah,5.0,Meditation Basics
Tue Jan 28 05:31:00 2020,20 min Calming Meditation,Anna Greenberg,20.0,Relax & Sleep
Mon Jan 27 08:49:00 2020,Zen in Ten,Anna Greenberg,10.0,Zen in Ten
Mon Jan 27 07:41:00 2020,10 min Happiness Meditation,Anna Greenberg,10.0,Emotions
Fri Jan 24 08:48:00 2020,Zen in Ten,Kristin McGee,10.0,Zen in Ten
Thu Jan 23 08:48:00 2020,Zen in Ten,Ross Rayburn,10.0,Zen in Ten
Wed Jan 22 17:01:00 2020,10 min Kindness Meditation,Anna Greenberg,10.0,Emotions
Wed Jan 22 13:58:00 2020,5 min Peace Meditation,Aditi Shah,5.0,Emotions
Wed Jan 22 08:49:00 2020,Zen in Ten,Kristin McGee,10.0,Zen in Ten
Wed Jan 22 05:31:00 2020,20 min Energizing Meditation,Kristin McGee,20.0,Emotions
Tue Jan 21 17:01:00 2020,10 min Calming Meditation,Kristin McGee,10.0,Relax & Sleep
Tue Jan 21 08:49:00 2020,Zen in Ten,Aditi Shah,10.0,Zen in Ten
Tue Jan 21 08:08:00 2020,5 min Rest Day Meditation ,Aditi Shah,5.0,Fitness Focus
Tue Jan 21 07:49:00 2020,5 min Breathing Meditation,Aditi Shah,5.0,Mindfulness
Mon Jan 20 08:48:00 2020,Zen in Ten,Anna Greenberg,10.0,Zen in Ten
Fri Jan 17 08:49:00 2020,Zen in Ten,Kristin McGee,10.0,Zen in Ten
Thu Jan 16 15:31:00 2020,20 min Courage Meditation,Aditi Shah,20.0,Emotions
Thu Jan 16 13:22:00 2020,15 min Sleep Meditation,Aditi Shah,15.0,Relax & Sleep
Thu Jan 16 08:49:00 2020,Zen in Ten,Kristin McGee,10.0,Zen in Ten
Wed Jan 15 13:27:00 2020,5 min Basics: Visualizations,Anna Greenberg,5.0,Meditation Basics
Wed Jan 15 08:48:00 2020,Zen in Ten,Kristin McGee,10.0,Zen in Ten
Tue Jan 14 08:50:00 2020,Zen in Ten,Aditi Shah,10.0,Zen in Ten
Mon Jan 13 17:01:00 2020,10 min Relaxing Meditation,Kristin McGee,10.0,Relax & Sleep
Mon Jan 13 08:48:00 2020,Zen in Ten,Anna Greenberg,10.0,Zen in Ten
Sun Jan 12 09:10:00 2020,20 min Sleep Meditation,Kristin McGee,20.0,Relax & Sleep
Fri Jan 10 08:49:00 2020,Zen in Ten,Kristin McGee,10.0,Zen in Ten
Thu Jan  9 16:19:00 2020,30 min Relaxing Meditation,Aditi Shah,30.0,Relax & Sleep
Thu Jan  9 13:21:00 2020,10 min Energizing Meditation,Anna Greenberg,10.0,Emotions
Thu Jan  9 08:49:00 2020,Zen in Ten,Ross Rayburn,10.0,Zen in Ten
Wed Jan  8 13:23:00 2020,20 min Sleep Meditation,Aditi Shah,20.0,Relax & Sleep
Wed Jan  8 08:49:00 2020,Zen in Ten,Kristin McGee,10.0,Zen in Ten
Tue Jan  7 17:01:00 2020,10 min Relaxing Meditation,Ross Rayburn,10.0,Relax & Sleep
Tue Jan  7 08:47:00 2020,Zen in Ten,Aditi Shah,10.0,Zen in Ten
Tue Jan  7 08:10:00 2020,5 min Body Scan Meditation,Aditi Shah,5.0,Mindfulness
Tue Jan  7 07:53:00 2020,5 min Meditation for Healing,Aditi Shah,5.0,Emotions
Mon Jan  6 08:48:00 2020,Zen in Ten,Anna Greenberg,10.0,Zen in Ten
Mon Jan  6 08:11:00 2020,10 min Acceptance Meditation,Anna Greenberg,10.0,Emotions
Sun Jan  5 09:04:00 2020,10 min Gratitude Meditation,Kristin McGee,10.0,Emotions
Fri Jan  3 08:49:00 2020,Zen in Ten,Kristin McGee,10.0,Zen in Ten
Fri Jan  3 08:18:00 2020,5 min Peace Meditation,Kristin McGee,5.0,Emotions
Fri Jan  3 07:55:00 2020,15 min Sleep Meditation,Kristin McGee,15.0,Relax & Sleep
Thu Jan  2 13:38:00 2020,5 min Relaxing Meditation,Anna Greenberg,5.0,Relax & Sleep
Thu Jan  2 13:22:00 2020,10 min Breathing Meditation,Anna Greenberg,10.0,Mindfulness
Thu Jan  2 08:48:00 2020,Zen in Ten,Ross Rayburn,10.0,Zen in Ten
Thu Jan  2 08:06:00 2020,5 min Mid-Night Meditation,Ross Rayburn,5.0,Relax & Sleep
Thu Jan  2 07:58:00 2020,5 min Long Run Meditation,Ross Rayburn,5.0,Fitness Focus
Wed Jan  1 08:48:00 2020,Zen in Ten,Aditi Shah,10.0,Zen in Ten
Wed Jan  1 08:16:00 2020,20 min Energizing Meditation,Aditi Shah,20.0,Emotions
Tue Dec 31 08:48:00 2019,Zen in Ten,Anna Greenberg,10.0,Zen in Ten
Mon Dec 30 15:31:00 2019,20 min Kindness Meditation,Ross Rayburn,20.0,Emotions
Mon Dec 30 13:39:00 2019,5 min Basics: Emotional Balance,Ross Rayburn,5.0,Meditation Basics
Mon Dec 30 13:27:00 2019,10 min Acceptance Meditation,Ross Rayburn,10.0,Emotions
Mon Dec 30 09:28:00 2019,10 min Courage Meditation,Anna Greenberg,10.0,Emotions
Mon Dec 30 09:14:00 2019,10 min Empathy Meditation,Anna Greenberg,10.0,Emotions
Mon Dec 30 08:48:00 2019,Zen in Ten,Anna Greenberg,10.0,Zen in Ten
Fri Dec 27 08:49:00 2019,Zen in Ten,Ross Rayburn,10.0,Zen in Ten
Thu Dec 26 13:33:00 2019,10 min Sleep Meditation,Anna Greenberg,10.0,Relax & Sleep
Thu Dec 26 13:23:00 2019,5 min Happiness Meditation,Anna Greenberg,5.0,Emotions
Thu Dec 26 08:47:00 2019,Zen in Ten,Ross Rayburn,10.0,Zen in Ten
Thu Dec 26 08:17:00 2019,20 min Patience Meditation,Ross Rayburn,20.0,Emotions
Tue Dec 24 08:47:00 2019,Zen in Ten,Aditi Shah,10.0,Zen in Ten
Tue Dec 24 05:31:00 2019,20 min Gratitude Meditation,Anna Greenberg,20.0,Emotions
Mon Dec 23 08:48:00 2019,Zen in Ten,Anna Greenberg,10.0,Zen in Ten
Mon Dec 23 08:01:00 2019,10 min Peace Meditation,Anna Greenberg,10.0,Emotions
Mon Dec 23 07:53:00 2019,5 min Calming Meditation,Anna Greenberg,5.0,Relax & Sleep
Mon Dec 23 06:48:00 2019,5 min Sleep Meditation,Aditi Shah,5.0,Relax & Sleep
Mon Dec 23 06:39:00 2019,5 min Meditation for Healing,Aditi Shah,5.0,Emotions
Mon Dec 23 06:21:00 2019,10 min Relaxing Meditation,Aditi Shah,10.0,Relax & Sleep
Thu Dec 19 15:31:00 2019,20 min Acceptance Meditation,Anna Greenberg,20.0,Emotions
Sat Dec 14 08:48:00 2019,10 min Gratitude Meditation,Kristin McGee,10.0,Emotions
Sat Dec 14 08:41:00 2019,5 min Kindness Meditation,Kristin McGee,5.0,Emotions
Fri Dec 13 08:47:00 2019,Zen in Ten,Ross Rayburn,10.0,Zen in Ten
Thu Dec 12 08:47:00 2019,Zen in Ten,Ross Rayburn,10.0,Zen in Ten
Thu Dec 12 08:01:00 2019,5 min Courage Meditation,Ross Rayburn,5.0,Emotions
Thu Dec 12 07:54:00 2019,5 min Relaxing Meditation,Ross Rayburn,5.0,Relax & Sleep
Wed Dec 11 08:51:00 2019,Zen in Ten,Kristin McGee,10.0,Zen in Ten
Tue Dec 10 16:18:00 2019,30 min Calming Meditation,Ross Rayburn,30.0,Relax & Sleep
Tue Dec 10 08:48:00 2019,Zen in Ten,Anna Greenberg,10.0,Zen in Ten
Tue Dec 10 05:31:00 2019,20 min Energizing Meditation,Anna Greenberg,20.0,Emotions
Mon Dec  9 15:31:00 2019,20 min Peace Meditation,Ross Rayburn,20.0,Emotions
Mon Dec  9 13:21:00 2019,10 min Meditation for Healing,Ross Rayburn,10.0,Emotions
Mon Dec  9 08:50:00 2019,Zen in Ten,Anna Greenberg,10.0,Zen in Ten
Fri Dec  6 08:47:00 2019,Zen in Ten,Kristin McGee,10.0,Zen in Ten
Fri Dec  6 08:10:00 2019,10 min Sleep Meditation,Kristin McGee,10.0,Relax & Sleep
Fri Dec  6 06:37:00 2019,10 min Body Scan Meditation,Ross Rayburn,10.0,Mindfulness
Fri Dec  6 06:22:00 2019,10 min Empathy Meditation,Ross Rayburn,10.0,Emotions
Thu Dec  5 08:49:00 2019,Zen in Ten,Ross Rayburn,10.0,Zen in Ten
Thu Dec  5 07:11:00 2019,5 min Acceptance Meditation,Ross Rayburn,5.0,Emotions
Wed Dec  4 08:52:00 2019,Zen in Ten,Kristin McGee,10.0,Zen in Ten
Tue Dec  3 08:49:00 2019,Zen in Ten,Anna Greenberg,10.0,Zen in Ten
Mon Dec  2 15:31:00 2019,20 min Relaxing Meditation,Kristin McGee,20.0,Relax & Sleep
Mon Dec  2 08:49:00 2019,Zen in Ten,Anna Greenberg,10.0,Zen in Ten
Mon Dec  2 05:31:00 2019,20 min Courage Meditation,Anna Greenberg,20.0,Emotions
Fri Nov 29 08:49:00 2019,Zen in Ten,Ross Rayburn,10.0,Zen in Ten
Fri Nov 29 08:07:00 2019,10 min Breathing Meditation,Ross Rayburn,10.0,Mindfulness
Wed Nov 27 08:47:00 2019,Zen in Ten,Kristin McGee,10.0,Zen in Ten
Wed Nov 27 07:58:00 2019,5 min Meditation for Healing,Kristin McGee,5.0,Emotions
Wed Nov 27 06:59:00 2019,10 min Gratitude Meditation,Aditi Shah,10.0,Emotions
Wed Nov 27 06:37:00 2019,15 min Sleep Meditation,Aditi Shah,15.0,Relax & Sleep
Wed Nov 27 06:22:00 2019,10 min Energizing Meditation,Aditi Shah,10.0,Emotions
Wed Nov 27 05:31:00 2019,20 min Calming Meditation,Kristin McGee,20.0,Relax & Sleep
Tue Nov 26 16:21:00 2019,30 min Relaxing Meditation,Ross Rayburn,30.0,Relax & Sleep
Tue Nov 26 08:49:00 2019,Zen in Ten,Aditi Shah,10.0,Zen in Ten
Tue Nov 26 08:34:00 2019,10 min Relaxing Meditation,Aditi Shah,10.0,Relax & Sleep
Tue Nov 26 08:25:00 2019,5 min Gratitude Meditation,Aditi Shah,5.0,Emotions
Mon Nov 25 08:49:00 2019,Zen in Ten,Anna Greenberg,10.0,Zen in Ten
Mon Nov 25 08:11:00 2019,20 min Sleep Meditation,Anna Greenberg,20.0,Relax & Sleep
Mon Nov 25 08:02:00 2019,5 min Acceptance Meditation,Anna Greenberg,5.0,Emotions
Mon Nov 25 07:56:00 2019,5 min Basics: My First Meditation,Anna Greenberg,5.0,Meditation Basics
Mon Nov 25 05:31:00 2019,20 min Gratitude Meditation,Aditi Shah,20.0,Emotions
Sun Nov 24 09:18:00 2019,15 min Sleep Meditation,Kristin McGee,15.0,Relax & Sleep
Sun Nov 24 09:11:00 2019,5 min Empathy Meditation,Kristin McGee,5.0,Emotions
Sun Nov 24 08:56:00 2019,10 min Happiness Meditation,Kristin McGee,10.0,Emotions
Fri Nov 22 08:48:00 2019,Zen in Ten,Kristin McGee,10.0,Zen in Ten
Fri Nov 22 07:08:00 2019,5 min Peace Meditation,Ross Rayburn,5.0,Emotions
Thu Nov 21 08:49:00 2019,Zen in Ten,Ross Rayburn,10.0,Zen in Ten
Thu Nov 21 05:31:00 2019,20 min Relaxing Meditation,Ross Rayburn,20.0,Relax & Sleep
Wed Nov 20 16:18:00 2019,30 min Sleep Meditation,Aditi Shah,30.0,Relax & Sleep
Tue Nov 19 08:49:00 2019,Zen in Ten,Anna Greenberg,10.0,Zen in Ten
Tue Nov 19 06:25:00 2019,5 min Sleep Meditation,Anna Greenberg,5.0,Relax & Sleep
Mon Nov 18 11:45:00 2019,20 min Sleep Meditation,Kristin McGee,20.0,Relax & Sleep
Mon Nov 18 11:37:00 2019,5 min Relaxing Meditation,Kristin McGee,5.0,Relax & Sleep
Mon Nov 18 11:23:00 2019,10 min Kindness Meditation,Kristin McGee,10.0,Emotions
Mon Nov 18 08:50:00 2019,Zen in Ten,Aditi Shah,10.0,Zen in Ten
Mon Nov 18 08:01:00 2019,10 min Breathing Meditation,Aditi Shah,10.0,Mindfulness
Mon Nov 18 07:55:00 2019,5 min Fitness Goals Meditation,Aditi Shah,5.0,Fitness Focus
Fri Nov 15 08:48:00 2019,Zen in Ten,Kristin McGee,10.0,Zen in Ten
Fri Nov 15 06:12:00 2019,5 min Peak Performance Meditation,Kristin McGee,5.0,Fitness Focus
Thu Nov 14 15:31:00 2019,20 min Gratitude Meditation,Anna Greenberg,20.0,Emotions
Thu Nov 14 08:49:00 2019,Zen in Ten,Ross Rayburn,10.0,Zen in Ten
Thu Nov 14 08:31:00 2019,5 min Level Up Meditation,Ross Rayburn,5.0,Fitness Focus
Thu Nov 14 08:05:00 2019,20 min Sleep Meditation,Ross Rayburn,20.0,Relax & Sleep
Thu Nov 14 05:31:00 2019,20 min Body Scan Meditation,Kristin McGee,20.0,Mindfulness
Wed Nov 13 16:19:00 2019,30 min Sleep Meditation,Anna Greenberg,30.0,Relax & Sleep
Wed Nov 13 15:31:00 2019,20 min Calming Meditation,Aditi Shah,20.0,Relax & Sleep
Wed Nov 13 13:41:00 2019,10 min Kindness Meditation,Aditi Shah,10.0,Emotions
Wed Nov 13 13:24:00 2019,10 min Sleep Meditation,Aditi Shah,10.0,Relax & Sleep
Wed Nov 13 08:49:00 2019,Zen in Ten,Kristin McGee,10.0,Zen in Ten
Tue Nov 12 08:49:00 2019,Zen in Ten,Aditi Shah,10.0,Zen in Ten
Tue Nov 12 08:00:00 2019,5 min Sleep Meditation,Aditi Shah,5.0,Relax & Sleep
Mon Nov 11 13:33:00 2019,10 min Office Meditation ,Ross Rayburn,10.0,Meditation Anywhere
Mon Nov 11 13:23:00 2019,5 min Breathing Meditation,Ross Rayburn,5.0,Mindfulness
Mon Nov 11 10:07:00 2019,15 min Sleep Meditation,Anna Greenberg,15.0,Relax & Sleep
Mon Nov 11 10:01:00 2019,5 min Rest Day Meditation ,Anna Greenberg,5.0,Fitness Focus
Mon Nov 11 08:49:00 2019,Zen in Ten,Anna Greenberg,10.0,Zen in Ten
Fri Nov  8 09:12:00 2019,5 min Commute Meditation,Aditi Shah,5.0,Meditation Anywhere
Fri Nov  8 08:50:00 2019,Zen in Ten,Aditi Shah,10.0,Zen in Ten
Thu Nov  7 09:52:00 2019,10 min Sleep Meditation,Anna Greenberg,10.0,Relax & Sleep
Thu Nov  7 08:48:00 2019,Zen in Ten,Ross Rayburn,10.0,Zen in Ten
Thu Nov  7 08:06:00 2019,15 min Sleep Meditation,Ross Rayburn,15.0,Relax & Sleep
Thu Nov  7 07:51:00 2019,10 min Relaxing Meditation,Ross Rayburn,10.0,Relax & Sleep
Thu Nov  7 06:20:00 2019,5 min Sleep Meditation,Kristin McGee,5.0,Relax & Sleep
Thu Nov  7 06:13:00 2019,5 min Calming Meditation,Kristin McGee,5.0,Relax & Sleep
Wed Nov  6 15:31:00 2019,20 min Calming Meditation,Ross Rayburn,20.0,Relax & Sleep
Wed Nov  6 08:49:00 2019,Zen in Ten,Kristin McGee,10.0,Zen in Ten
Tue Nov  5 09:12:00 2019,10 min Courage Meditation,Aditi Shah,10.0,Emotions
Tue Nov  5 08:51:00 2019,Zen in Ten,Aditi Shah,10.0,Zen in Ten
Tue Nov  5 05:31:00 2019,20 min Energizing Meditation,Anna Greenberg,20.0,Emotions
Mon Nov  4 13:33:00 2019,10 min Sleep Meditation,Ross Rayburn,10.0,Relax & Sleep
Mon Nov  4 09:24:00 2019,10 min Calming Meditation,Anna Greenberg,10.0,Relax & Sleep
Mon Nov  4 09:11:00 2019,5 min Relaxing Meditation,Anna Greenberg,5.0,Relax & Sleep
Mon Nov  4 08:48:00 2019,10 min Meditation for Healing,Anna Greenberg,10.0,Emotions
Fri Nov  1 08:47:00 2019,Zen in Ten,Kristin McGee,10.0,Zen in Ten
Fri Nov  1 07:04:00 2019,10 min Sleep Meditation,Kristin McGee,10.0,Relax & Sleep
Thu Oct 31 13:48:00 2019,5 min Sleep Meditation,Anna Greenberg,5.0,Relax & Sleep
Thu Oct 31 13:42:00 2019,5 min Fitness Goals Meditation,Anna Greenberg,5.0,Fitness Focus
Thu Oct 31 07:00:00 2019,10 min Kindness Meditation,Ross Rayburn,10.0,Emotions
Thu Oct 31 06:51:00 2019,5 min Basics: Breath,Ross Rayburn,5.0,Meditation Basics
Wed Oct 30 13:41:00 2019,10 min Gratitude Meditation,Aditi Shah,10.0,Emotions
Wed Oct 30 13:25:00 2019,5 min Empathy Meditation,Aditi Shah,5.0,Emotions
Tue Oct 29 07:08:00 2019,15 min Sleep Meditation,Aditi Shah,15.0,Relax & Sleep
Mon Oct 28 13:42:00 2019,5 min Mid-Night Meditation,Ross Rayburn,5.0,Relax & Sleep
Sun Oct 27 09:18:00 2019,10 min Calming Meditation,Kristin McGee,10.0,Relax & Sleep
Fri Oct 25 08:48:00 2019,Zen in Ten,Kristin McGee,10.0,Zen in Ten
Fri Oct 25 06:53:00 2019,5 min Body Scan Meditation,Kristin McGee,5.0,Mindfulness
Thu Oct 24 12:42:00 2019,20 min Sleep Meditation,Anna Greenberg,20.0,Relax & Sleep
Thu Oct 24 12:26:00 2019,5 min Office Meditation,Anna Greenberg,5.0,Meditation Anywhere
Wed Oct 23 13:44:00 2019,10 min Basics: Emotional Balance,Aditi Shah,10.0,Meditation Basics
Wed Oct 23 07:31:00 2019,5 min Rest Day Meditation ,Kristin McGee,5.0,Fitness Focus
Wed Oct 23 05:46:00 2019,10 min Patience Meditation,Kristin McGee,10.0,Emotions
Tue Oct 22 06:33:00 2019,5 min Relaxing Meditation,Aditi Shah,5.0,Relax & Sleep
Tue Oct 22 06:21:00 2019,5 min Level Up Meditation,Aditi Shah,5.0,Fitness Focus
Mon Oct 21 13:22:00 2019,5 min Long Run Meditation,Ross Rayburn,5.0,Fitness Focus
Fri Oct 18 08:48:00 2019,Zen in Ten,Kristin McGee,10.0,Zen in Ten
Fri Oct 18 05:31:00 2019,20 min Happiness Meditation,Ross Rayburn,20.0,Emotions
Wed Oct 16 14:00:00 2019,5 min Sleep Meditation,Aditi Shah,5.0,Relax & Sleep
Wed Oct 16 13:34:00 2019,10 min Body Scan Meditation,Aditi Shah,10.0,Mindfulness
Wed Oct 16 06:24:00 2019,5 min Sleep Meditation,Kristin McGee,5.0,Relax & Sleep
Wed Oct 16 06:15:00 2019,5 min Meditation for Healing,Kristin McGee,5.0,Emotions
Wed Oct 16 05:46:00 2019,10 min Courage Meditation,Kristin McGee,10.0,Emotions
Tue Oct 15 06:43:00 2019,5 min Kindness Meditation,Anna Greenberg,5.0,Emotions
Tue Oct 15 06:25:00 2019,15 min Sleep Meditation,Anna Greenberg,15.0,Relax & Sleep
Mon Oct 14 09:11:00 2019,5 min Breathing Meditation,Anna Greenberg,5.0,Mindfulness
Fri Oct 11 08:48:00 2019,Zen in Ten,Kristin McGee,10.0,Zen in Ten
Fri Oct 11 06:30:00 2019,5 min Calming Meditation,Ross Rayburn,5.0,Relax & Sleep
Fri Oct 11 06:14:00 2019,10 min Meditate While You Wait,Ross Rayburn,9.983333333333333,Meditation Anywhere
Thu Oct 10 14:12:00 2019,10 min Relaxing Meditation,Anna Greenberg,10.0,Relax & Sleep
Thu Oct 10 13:55:00 2019,10 min Peak Performance Meditation,Anna Greenberg,10.0,Fitness Focus
Wed Oct  9 13:53:00 2019,5 min Patience Meditation,Aditi Shah,5.0,Emotions
Wed Oct  9 13:45:00 2019,5 min Fitness Goals Meditation,Aditi Shah,5.0,Fitness Focus
Wed Oct  9 07:04:00 2019,20 min Sleep Meditation,Kristin McGee,20.0,Relax & Sleep
Tue Oct  8 06:50:00 2019,30 min Sleep Meditation,Aditi Shah,30.0,Relax & Sleep
Mon Oct  7 13:20:00 2019,10 min Breathing Meditation,Ross Rayburn,10.0,Mindfulness
Mon Oct  7 05:31:00 2019,20 min Energizing Meditation,Aditi Shah,20.0,Emotions
Fri Oct  4 08:49:00 2019,Zen in Ten,Kristin McGee,10.0,Zen in Ten
Fri Oct  4 07:40:00 2019,10 min Relaxing Meditation,Kristin McGee,10.0,Relax & Sleep
Fri Oct  4 07:27:00 2019,5 min Level Up Meditation,Kristin McGee,5.0,Fitness Focus
Thu Oct  3 13:40:00 2019,10 min Gratitude Meditation,Anna Greenberg,10.0,Emotions
Thu Oct  3 07:10:00 2019,5 min Basics: Sleep,Ross Rayburn,5.0,Meditation Basics
Thu Oct  3 06:59:00 2019,5 min Basics: Witness Meditation,Ross Rayburn,5.0,Meditation Basics
Wed Oct  2 13:52:00 2019,20 min Calming Meditation,Aditi Shah,20.0,Relax & Sleep
Wed Oct  2 13:38:00 2019,10 min Kindness Meditation,Aditi Shah,10.0,Emotions
Wed Oct  2 06:26:00 2019,5 min Patience Meditation,Kristin McGee,5.0,Emotions
Wed Oct  2 05:46:00 2019,10 min Happiness Meditation,Kristin McGee,10.0,Emotions
Mon Sep 30 14:07:00 2019,10 min Courage Meditation,Ross Rayburn,10.0,Emotions
Mon Sep 30 13:41:00 2019,20 min Sleep Meditation,Ross Rayburn,20.0,Relax & Sleep
Mon Sep 30 13:32:00 2019,5 min Peak Performance Meditation,Aditi Shah,5.0,Fitness Focus
Mon Sep 30 06:55:00 2019,5 min Level Up Meditation,Anna Greenberg,5.0,Fitness Focus
Mon Sep 30 07:18:00 2019,5 min Body Scan Meditation,Anna Greenberg,5.0,Mindfulness
Mon Sep 30 07:03:00 2019,10 min Sleep Meditation,Anna Greenberg,10.0,Relax & Sleep
Mon Sep 30 06:55:00 2019,5 min Peace Meditation,Anna Greenberg,5.0,Emotions
Mon Sep 30 06:45:00 2019,5 min Fitness Goals Meditation,Kristin McGee,5.0,Fitness Focus
Sun Sep 29 09:11:00 2019,5 min Basics: Visualizations,Aditi Shah,5.0,Meditation Basics
Thu Sep 26 13:28:00 2019,10 min Acceptance Meditation,Anna Greenberg,10.0,Emotions
Thu Sep 26 07:07:00 2019,5 min Gratitude Meditation,Ross Rayburn,5.0,Emotions
Thu Sep 26 06:54:00 2019,5 min Level Up Meditation,Ross Rayburn,5.0,Fitness Focus
Wed Sep 25 13:40:00 2019,10 min Empathy Meditation,Aditi Shah,10.0,Emotions
Wed Sep 25 06:38:00 2019,10 min Empathy Meditation,Kristin McGee,10.0,Emotions
Wed Sep 25 06:23:00 2019,10 min Meditation for Healing,Kristin McGee,10.0,Emotions
Tue Sep 24 07:13:00 2019,5 min Sleep Meditation,Aditi Shah,5.0,Relax & Sleep
Tue Sep 24 07:00:00 2019,10 min Breathing Meditation,Aditi Shah,10.0,Mindfulness
Tue Sep 24 06:51:00 2019,5 min Courage Meditation,Aditi Shah,5.0,Emotions
Mon Sep 23 12:49:00 2019,10 min Sleep Meditation,Ross Rayburn,10.0,Relax & Sleep
Mon Sep 23 07:03:00 2019,5 min Energizing Meditation,Anna Greenberg,5.0,Emotions
Fri Sep 20 07:13:00 2019,10 min Breathing Meditation,Kristin McGee,10.0,Mindfulness
Fri Sep 20 06:53:00 2019,5 min Sleep Meditation,Kristin McGee,5.0,Relax & Sleep
Thu Sep 19 07:16:00 2019,5 min Long Run Meditation,Ross Rayburn,5.0,Fitness Focus
Thu Sep 19 07:05:00 2019,5 min Basics: Body Scan ,Ross Rayburn,5.0,Meditation Basics
Wed Sep 18 15:31:00 2019,20 min Acceptance Meditation,Aditi Shah,20.0,Emotions
Wed Sep 18 07:30:00 2019,5 min Courage Meditation,Kristin McGee,5.0,Emotions
Tue Sep 17 07:08:00 2019,5 min Body Scan Meditation,Aditi Shah,5.0,Mindfulness
Tue Sep 17 06:55:00 2019,10 min Peace Meditation,Aditi Shah,10.0,Emotions
Mon Sep 16 13:34:00 2019,20 min Sleep Meditation,Ross Rayburn,20.0,Relax & Sleep
Mon Sep 16 07:15:00 2019,10 min Kindness Meditation,Anna Greenberg,10.0,Emotions
Mon Sep 16 07:06:00 2019,5 min Breathing Meditation,Anna Greenberg,5.0,Mindfulness
Sun Sep 15 08:57:00 2019,10 min Gratitude Meditation,Aditi Shah,10.0,Emotions
Sun Sep 15 08:44:00 2019,10 min Happiness Meditation,Aditi Shah,10.0,Emotions
Sat Sep 14 05:30:00 2019,10 min Patience Meditation,Anna Greenberg,10.0,Emotions
Fri Sep 13 07:05:00 2019,5 min Post-Run Meditation,Ross Rayburn,5.0,Fitness Focus
Fri Sep 13 07:05:00 2019,5 min Pre-Run Meditation,Ross Rayburn,5.0,Fitness Focus
Thu Sep 12 05:30:00 2019,5 min Sleep Meditation,Anna Greenberg,5.0,Relax & Sleep
Wed Sep 11 15:31:00 2019,20 min Sleep Meditation,Aditi Shah,20.0,Relax & Sleep
Tue Sep 10 13:41:00 2019,10 min Office Meditation ,Kristin McGee,10.0,Meditation Anywhere
Tue Sep 10 07:19:00 2019,10 min Meditation for Healing,Aditi Shah,10.0,Emotions
Tue Sep 10 06:50:00 2019,5 min Rest Day Meditation,Aditi Shah,5.0,Fitness Focus
Sat Sep  7 05:30:00 2019,5 min Basics: Breath,Anna Greenberg,5.0,Meditation Basics
Fri Sep  6 07:56:00 2019,5 min Relaxing Meditation,Kristin McGee,5.0,Relax & Sleep
Thu Sep  5 13:41:00 2019,5 min Empathy Meditation,Ross Rayburn,5.0,Emotions
Thu Sep  5 13:18:00 2019,5 min Happiness Meditation,Ross Rayburn,5.0,Emotions
Wed Sep  4 06:15:00 2019,5 min Energizing Meditation,Kristin McGee,5.0,Emotions
Wed Sep  4 06:03:00 2019,5 min Breathing Meditation,Kristin McGee,5.0,Mindfulness
Tue Sep  3 07:18:00 2019,10 min Sleep Meditation,Aditi Shah,9.0,Relax & Sleep
Tue Sep  3 06:57:00 2019,5 min Kindness Meditation,Aditi Shah,5.0,Emotions
Tue Sep  3 05:46:00 2019,10 min Calming Meditation,Anna Greenberg,10.0,Relax & Sleep
Fri Aug 30 06:01:00 2019,10 min Meditation for Healing,Ross Rayburn,10.0,Emotions
Thu Aug 29 13:18:00 2019,5 min Mid-Night Meditation,Aditi Shah,5.0,Relax & Sleep
Thu Aug 29 13:04:00 2019,5 min Calming Meditation,Aditi Shah,5.0,Relax & Sleep
Thu Aug 29 12:52:00 2019,5 min Basics: My First Meditation,Aditi Shah,5.0,Meditation Basics
Tue Aug 27 13:14:00 2019,15 min Patience Meditation,Ross Rayburn,15.0,Emotions
Tue Aug 27 06:58:00 2019,10 min Calming Meditation,Anna Greenberg,10.0,Relax & Sleep
Mon Aug 26 13:09:00 2019,5 min Sleep Meditation,Kristin McGee,5.0,Relax & Sleep
Mon Aug 26 07:10:00 2019,5 min Relaxing Meditation,Anna Greenberg,5.0,Relax & Sleep
Mon Aug 26 06:55:00 2019,10 min Sleep Meditation,Anna Greenberg,10.0,Relax & Sleep
Fri Aug 23 06:55:00 2019,5 min Kindness Meditation,Ross Rayburn,5.0,Emotions
Fri Aug 23 06:01:00 2019,10 min Breathing Meditation,Aditi Shah,10.0,Mindfulness
Thu Aug 22 15:01:00 2019,20 min Relaxing Meditation,Anna Greenberg,20.0,Relax & Sleep
Thu Aug 22 13:12:00 2019,15 min Empathy Meditation,Aditi Shah,15.0,Emotions
Thu Aug 22 13:05:00 2019,5 min Sleep Meditation,Aditi Shah,5.0,Relax & Sleep
Thu Aug 22 12:54:00 2019,5 min Level Up Meditation,Aditi Shah,5.0,Fitness Focus
Thu Aug 22 06:01:00 2019,10 min Gratitude Meditation,Ross Rayburn,10.0,Emotions
Tue Aug 20 13:00:00 2019,5 min Level Up Meditation,Ross Rayburn,5.0,Fitness Focus
Tue Aug 20 12:53:00 2019,5 min Fitness Goals Meditation,Ross Rayburn,5.0,Fitness Focus
Tue Aug 20 06:01:00 2019,10 min Happiness Meditation,Kristin McGee,10.0,Emotions
Mon Aug 19 07:52:00 2019,5 min Rest Day Meditation ,Aditi Shah,5.0,Fitness Focus
Mon Aug 19 06:01:00 2019,10 min Meditation for Healing,Anna Greenberg,10.0,Emotions
Fri Aug 16 07:16:00 2019,5 min Basics: Mantra,Ross Rayburn,5.0,Meditation Basics
Thu Aug 15 12:19:00 2019,5 min Breathing Meditation,Aditi Shah,5.0,Mindfulness
Thu Aug 15 12:03:00 2019,10 min Sleep Meditation,Aditi Shah,10.0,Relax & Sleep
Thu Aug 15 06:02:00 2019,10 min Peace Meditation,Ross Rayburn,10.0,Emotions
Wed Aug 14 13:06:00 2019,5 min Acceptance Meditation,Aditi Shah,5.0,Emotions
Wed Aug 14 12:51:00 2019,5 min Meditation for Healing,Aditi Shah,5.0,Emotions
Wed Aug 14 06:01:00 2019,10 min Calming Meditation,Kristin McGee,10.0,Relax & Sleep
Tue Aug 13 12:52:00 2019,5 min Relaxing Meditation,Aditi Shah,5.0,Relax & Sleep
Tue Aug 13 12:36:00 2019,10 min Office Meditation ,Aditi Shah,10.0,Meditation Anywhere
Tue Aug 13 11:39:00 2019,5 min Post-Ride Meditation,Ross Rayburn,5.0,Fitness Focus
Tue Aug 13 11:13:00 2019,5 min Pre-Ride Meditation,Ross Rayburn,5.0,Fitness Focus
Mon Aug 12 09:20:00 2019,5 min Basics: Breath,Aditi Shah,5.0,Meditation Basics
Mon Aug 12 08:49:00 2019,5 min Energizing Meditation,Aditi Shah,5.0,Emotions
Mon Aug 12 08:50:00 2019,15 min Calming Meditation,Aditi Shah,15.0,Relax & Sleep
Sun Aug 11 09:32:00 2019,5 min Calming Meditation,Kristin McGee,5.0,Relax & Sleep
Sun Aug 11 09:19:00 2019,5 min Patience Meditation,Kristin McGee,5.0,Emotions
Thu Aug  8 13:27:00 2019,5 min Peace Meditation,Aditi Shah,5.0,Emotions
Thu Aug  8 13:12:00 2019,10 min Courage Meditation,Aditi Shah,10.0,Emotions
Thu Aug  8 08:10:00 2019,10 min Commute Meditation,Kristin McGee,10.0,Meditation Anywhere
Thu Aug  8 08:03:00 2019,5 min Breathing Meditation,Kristin McGee,5.0,Mindfulness
Wed Aug  7 13:11:00 2019,5 min Courage Meditation,Anna Greenberg,5.0,Emotions
Wed Aug  7 06:01:00 2019,10 min Kindness Meditation,Kristin McGee,10.0,Emotions
Tue Aug  6 13:07:00 2019,10 min Sleep Meditation,Ross Rayburn,10.0,Relax & Sleep
Tue Aug  6 12:55:00 2019,5 min Acceptance Meditation,Ross Rayburn,5.0,Emotions
Tue Aug  6 12:03:00 2019,5 min Basics: Sleep,Anna Greenberg,5.0,Meditation Basics
Mon Aug  5 13:02:00 2019,20 min Sleep Meditation,Kristin McGee,20.0,Relax & Sleep
Mon Aug  5 12:54:00 2019,5 min Gratitude Meditation,Kristin McGee,5.0,Emotions
Mon Aug  5 10:06:00 2019,5 min Peak Performance Meditation,Aditi Shah,5.0,Fitness Focus
Mon Aug  5 09:53:00 2019,5 min Fitness Goals Meditation,Aditi Shah,5.0,Fitness Focus
Fri Aug  2 06:57:00 2019,5 min Breathing Meditation,Ross Rayburn,5.0,Mindfulness
Thu Aug  1 13:24:00 2019,10 min Relaxing Meditation,Aditi Shah,10.0,Relax & Sleep
Thu Aug  1 13:00:00 2019,5 min Patience Meditation,Aditi Shah,5.0,Emotions
Thu Aug  1 09:34:00 2019,5 min Empathy Meditation,Kristin McGee,5.0,Emotions
Thu Aug  1 09:25:00 2019,5 min Body Scan Meditation,Kristin McGee,5.0,Mindfulness
Thu Aug  1 07:20:00 2019,5 min Rest Day Meditation ,Ross Rayburn,5.0,Fitness Focus
Thu Aug  1 06:59:00 2019,5 min Race Day Meditation,Ross Rayburn,5.0,Fitness Focus
Wed Jul 31 06:01:00 2019,10 min Meditation for Healing,Aditi Shah,10.0,Emotions
Tue Jul 30 13:08:00 2019,10 min Energizing Meditation,Ross Rayburn,10.0,Emotions
Tue Jul 30 07:13:00 2019,15 min Sleep Meditation,Anna Greenberg,15.0,Relax & Sleep
Tue Jul 30 07:01:00 2019,5 min Meditate While You Wait,Anna Greenberg,5.0,Meditation Anywhere
Mon Jul 29 15:01:00 2019,20 min Empathy Meditation,Ross Rayburn,20.0,Emotions
Mon Jul 29 07:27:00 2019,5 min Sleep Meditation,Aditi Shah,5.0,Relax & Sleep
Mon Jul 29 06:01:00 2019,10 min Peace Meditation,Anna Greenberg,10.0,Emotions
Fri Jul 26 06:01:00 2019,10 min Kindness Meditation,Ross Rayburn,10.0,Emotions
Thu Jul 25 13:15:00 2019,10 min Sleep Meditation,Aditi Shah,10.0,Relax & Sleep
Thu Jul 25 13:00:00 2019,5 min Breathing Meditation,Aditi Shah,5.0,Mindfulness
Thu Jul 25 06:54:00 2019,10 min Body Scan Meditation,Ross Rayburn,10.0,Mindfulness
Tue Jul 23 13:00:00 2019,20 min Sleep Meditation,Ross Rayburn,20.0,Relax & Sleep
Tue Jul 23 12:48:00 2019,5 min Meditation for Healing,Ross Rayburn,5.0,Emotions
Tue Jul 23 07:07:00 2019,5 min Patience Meditation,Anna Greenberg,5.0,Emotions
Tue Jul 23 06:52:00 2019,10 min Happiness Meditation,Anna Greenberg,10.0,Emotions
Tue Jul 23 06:01:00 2019,10 min Empathy Meditation,Aditi Shah,10.0,Emotions
Mon Jul 22 07:05:00 2019,5 min Sleep Meditation,Anna Greenberg,5.0,Relax & Sleep
Mon Jul 22 06:57:00 2019,5 min Courage Meditation,Anna Greenberg,5.0,Emotions
Thu Jul 18 08:00:00 2019,5 min Long Run Meditation,Ross Rayburn,5.0,Fitness Focus
Thu Jul 18 06:01:00 2019,10 min Breathing Meditation,Ross Rayburn,10.0,Mindfulness
Wed Jul 17 13:02:00 2019,5 min Relaxing Meditation,Anna Greenberg,5.0,Relax & Sleep
Wed Jul 17 12:53:00 2019,5 min Commute Meditation,Anna Greenberg,5.0,Meditation Anywhere
Wed Jul 17 06:50:00 2019,10 min Sleep Meditation,Kristin McGee,10.0,Relax & Sleep
Wed Jul 17 06:01:00 2019,10 min Peace Meditation,Kristin McGee,10.0,Emotions
Tue Jul 16 13:07:00 2019,5 min Sleep Meditation,Ross Rayburn,5.0,Relax & Sleep
Tue Jul 16 13:00:00 2019,5 min Courage Meditation,Ross Rayburn,5.0,Emotions
Tue Jul 16 06:01:00 2019,10 min Acceptance Meditation,Aditi Shah,10.0,Emotions
Sun Jul 14 09:41:00 2019,5 min Meditation for Healing,Kristin McGee,5.0,Emotions
Sun Jul 14 09:22:00 2019,10 min Sleep Meditation,Kristin McGee,10.0,Relax & Sleep
Fri Jul 12 07:03:00 2019,5 min Basics: Visualizations,Ross Rayburn,5.0,Meditation Basics
Thu Jul 11 12:53:00 2019,20 min Sleep Meditation,Aditi Shah,20.0,Relax & Sleep
Thu Jul 11 07:11:00 2019,10 min Gratitude Meditation,Kristin McGee,10.0,Emotions
Wed Jul 10 13:01:00 2019,10 min Sleep Meditation,Anna Greenberg,10.0,Relax & Sleep
Wed Jul 10 12:51:00 2019,5 min Basics: Mantra,Anna Greenberg,5.0,Meditation Basics
Tue Jul  9 07:16:00 2019,5 min Calming Meditation,Anna Greenberg,5.0,Relax & Sleep
Tue Jul  9 06:53:00 2019,5 min Energizing Meditation,Anna Greenberg,5.0,Emotions
Mon Jul  8 13:01:00 2019,5 min Body Scan Meditation,Kristin McGee,5.0,Mindfulness
Mon Jul  8 06:01:00 2019,10 min Empathy Meditation,Kristin McGee,10.0,Emotions
Fri Jul  5 06:01:00 2019,10 min Acceptance Meditation,Kristin McGee,10.0,Emotions
Fri Jul  5 04:30:00 2019,10 min Gratitude Meditation,Ross Rayburn,10.0,Emotions
Wed Jul  3 12:12:00 2019,5 min Breathing Meditation,Anna Greenberg,5.0,Mindfulness
Tue Jul  2 07:27:00 2019,5 min Kindness Meditation,Anna Greenberg,5.0,Emotions
Tue Jul  2 07:10:00 2019,5 min Meditation for Healing,Anna Greenberg,5.0,Emotions
Tue Jul  2 06:01:00 2019,10 min Breathing Meditation,Aditi Shah,10.0,Mindfulness
Mon Jul  1 13:15:00 2019,5 min Peace Meditation,Kristin McGee,5.0,Emotions
Mon Jul  1 13:04:00 2019,5 min Basics: Sleep ,Kristin McGee,5.0,Meditation Basics
Mon Jul  1 07:12:00 2019,10 min Peace Meditation,Aditi Shah,10.0,Emotions
Thu Jun 27 15:01:00 2019,10 min Body Scan Meditation,Aditi Shah,10.0,Mindfulness
Thu Jun 27 13:41:00 2019,5 min Basics: Emotional Balance,Aditi Shah,5.0,Meditation Basics
Thu Jun 27 07:48:00 2019,5 min Breathing Meditation,Kristin McGee,5.0,Mindfulness
Wed Jun 26 13:26:00 2019,5 min Gratitude Meditation,Anna Greenberg,5.0,Emotions
Tue Jun 25 13:39:00 2019,5 min Basics: My First Meditation,Ross Rayburn,5.0,Meditation Basics
Tue Jun 25 13:33:00 2019,5 min Sleep Meditation,Ross Rayburn,5.0,Relax & Sleep
Tue Jun 25 07:21:00 2019,5 min Office Meditation,Anna Greenberg,5.0,Meditation Anywhere
Tue Jun 25 06:57:00 2019,10 min Energizing Meditation,Anna Greenberg,10.0,Emotions
Sun Jun 23 09:25:00 2019,10 min Energizing Meditation,Kristin McGee,10.0,Emotions
Fri Jun 21 06:53:00 2019,10 min Empathy Meditation,Ross Rayburn,10.0,Emotions
Fri Jun 21 06:01:00 2019,10 min Body Scan Meditation,Kristin McGee,10.0,Mindfulness
Thu Jun 20 06:01:00 2019,10 min Breathing Meditation,Anna Greenberg,10.0,Mindfulness
Tue Jun 18 12:00:00 2019,5 min Level Up Meditation,Ross Rayburn,5.0,Fitness Focus
Tue Jun 18 12:00:00 2019,5 min Fitness Goals Meditation,Ross Rayburn,5.0,Fitness Focus
Mon Jun 17 15:01:00 2019,10 min Peace Meditation,Kristin McGee,10.0,Emotions
Mon Jun 17 06:01:00 2019,10 min Meditation for Healing,Anna Greenberg,10.0,Emotions
Fri Jun 14 14:00:00 2019,5 min Peace Meditation,Aditi Shah,5.0,Emotions
Fri Jun 14 07:08:00 2019,5 min Energizing Meditation,Kristin McGee,5.0,Emotions
Thu Jun 13 15:01:00 2019,10 min Acceptance Meditation,Anna Greenberg,10.0,Emotions
Thu Jun 13 08:00:00 2019,5 min Breathing Meditation,Anna Greenberg,5.0,Mindfulness
Thu Jun 13 08:00:00 2019,10 min Sleep Meditation,Anna Greenberg,10.0,Relax & Sleep
Thu Jun 13 08:00:00 2019,5 min Happiness Meditation,Anna Greenberg,5.0,Emotions
Thu Jun 13 08:00:00 2019,10 min Body Scan Meditation,Anna Greenberg,10.0,Mindfulness
Thu Jun 13 08:00:00 2019,5 min Calming Meditation,Anna Greenberg,5.0,Relax & Sleep
Thu Jun 13 08:00:00 2019,10 min Breathing Meditation,Anna Greenberg,10.0,Mindfulness
Thu Jun 13 08:00:00 2019,5 min Sleep Meditation,Anna Greenberg,5.0,Relax & Sleep
Thu Jun 13 08:00:00 2019,5 min Body Scan Meditation,Anna Greenberg,5.0,Mindfulness
Wed Jun 12 06:01:00 2019,10 min Patience Meditation,Kristin McGee,10.0,Emotions
Thu Jun  6 07:30:00 2019,5 min Basics: Breath,Kristin McGee,5.0,Meditation Basics
Wed Jun  5 15:01:00 2019,10 min Breathing Meditation,Aditi Shah,10.0,Mindfulness
Wed Jun  5 06:01:00 2019,10 min Body Scan Meditation,Kristin McGee,10.0,Mindfulness
Wed Jun  5 02:00:00 2019,5 min Peak Performance Meditation,Ross Rayburn,5.0,Fitness Focus
Tue Jun  4 06:01:00 2019,10 min Courage Meditation,Aditi Shah,10.0,Emotions
Mon Jun  3 15:01:00 2019,10 min Peace Meditation,Ross Rayburn,10.0,Emotions
Fri May 31 07:20:00 2019,15 min Sleep Meditation,Ross Rayburn,15.0,Relax & Sleep
Fri May 31 06:01:00 2019,10 min Breathing Meditation,Kristin McGee,10.0,Mindfulness
Thu May 30 16:31:00 2019,10 min Energizing Meditation,Ross Rayburn,10.0,Mindfulness
Thu May 30 13:41:00 2019,5 min Acceptance Meditation,Aditi Shah,5.0,Emotions
Thu May 30 13:22:00 2019,10 min Breathing Meditation,Aditi Shah,10.0,Mindfulness
Thu May 30 07:12:00 2019,5 min Commute Meditation,Kristin McGee,5.0,Meditation Anywhere
Wed May 29 15:01:00 2019,10 min Relaxing Meditation,Aditi Shah,10.0,Relax & Sleep
Wed May 29 04:31:00 2019,10 min Gratitude Meditation,Kristin McGee,10.0,Emotions
Tue May 28 13:29:00 2019,5 min Basics: Emotional Balance,Ross Rayburn,5.0,Meditation Basics
Tue May 28 06:01:00 2019,10 min Calming Meditation,Aditi Shah,10.0,Relax & Sleep
Mon May 27 07:32:00 2019,10 min Empathy Meditation,Ross Rayburn,10.0,Emotions
Fri May 24 06:01:00 2019,10 min Kindness Meditation,Aditi Shah,10.0,Emotions
Thu May 23 06:01:00 2019,10 min Acceptance Meditation,Ross Rayburn,10.0,Emotions
Wed May 22 15:01:00 2019,10 min Happiness Meditation,Aditi Shah,10.0,Emotions
Wed May 22 07:20:00 2019,5 min Office Meditation,Kristin McGee,5.0,Meditation Anywhere
Wed May 22 06:48:00 2019,10 min Sleep Meditation,Kristin McGee,10.0,Relax & Sleep
Wed May 22 04:31:00 2019,10 min Breathing Meditation,Kristin McGee,10.0,Mindfulness
Tue May 21 06:54:00 2019,10 min Sleep Meditation,Aditi Shah,10.0,Relax & Sleep
Mon May 20 15:01:00 2019,10 min Breathing Meditation,Ross Rayburn,10.0,Mindfulness
Mon May 20 04:31:00 2019,10 min Energizing Meditation,Aditi Shah,10.0,Mindfulness
Sun May 19 09:36:00 2019,5 min Breathing Meditation,Kristin McGee,5.0,Mindfulness
Fri May 17 07:04:00 2019,5 min Basics: Breath,Ross Rayburn,5.0,Meditation Basics
Fri May 17 06:56:00 2019,5 min Energizing Meditation,Ross Rayburn,5.0,Emotions
Fri May 17 04:31:00 2019,10 min Body Scan Meditation,Ross Rayburn,10.0,Mindfulness
Thu May 16 13:41:00 2019,5 min Calming Meditation,Aditi Shah,5.0,Relax & Sleep
Thu May 16 04:31:00 2019,10 min Breathing Meditation,Kristin McGee,10.0,Mindfulness
Wed May 15 04:31:00 2019,10 min Relaxing Meditation,Kristin McGee,10.0,Relax & Sleep
Tue May 14 07:13:00 2019,20 min Sleep Meditation,Aditi Shah,20.0,Relax & Sleep
Tue May 14 06:54:00 2019,10 min Breathing Meditation,Aditi Shah,10.0,Mindfulness
Tue May 14 05:51:00 2019,20 min Body Scan Meditation,Aditi Shah,20.0,Mindfulness
Mon May 13 16:31:00 2019,10 min Gratitude Meditation,Aditi Shah,10.0,Emotions
Mon May 13 15:01:00 2019,10 min Kindness Meditation,Ross Rayburn,10.0,Emotions
Fri May 10 04:21:00 2019,20 min Relaxing Meditation,Ross Rayburn,20.0,Relax & Sleep
Thu May  9 13:23:00 2019,5 min Basics: Visualizations,Aditi Shah,5.0,Meditation Basics
Wed May  8 15:01:00 2019,10 min Body Scan Meditation,Aditi Shah,10.0,Mindfulness
Wed May  8 06:01:00 2019,10 min Happiness Meditation,Kristin McGee,10.016666666666667,Emotions
Tue May  7 13:40:00 2019,10 min Acceptance Meditation,Ross Rayburn,10.0,Emotions
Tue May  7 13:25:00 2019,5 min Basics: Body Scan ,Ross Rayburn,5.0,Meditation Basics
Tue May  7 06:01:00 2019,10 min Kindness Meditation,Aditi Shah,10.0,Emotions
Mon May  6 15:01:00 2019,10 min Calming Meditation,Ross Rayburn,10.0,Relax & Sleep
Thu May  2 07:17:00 2019,5 min Sleep Meditation,Kristin McGee,5.0,Relax & Sleep
Thu May  2 06:01:00 2019,10 min Happiness Meditation,Ross Rayburn,10.0,Emotions
Thu May  2 04:31:00 2019,10 min Empathy Meditation,Kristin McGee,10.0,Emotions
Wed May  1 04:31:00 2019,10 min Gratitude Meditation,Kristin McGee,10.0,Emotions
Tue Apr 30 06:01:00 2019,10 min Calming Meditation,Aditi Shah,10.0,Relax & Sleep
Mon Apr 29 13:27:00 2019,5 min Kindness Meditation,Kristin McGee,5.0,Emotions
Mon Apr 29 07:09:00 2019,5 min Office Meditation ,Aditi Shah,5.0,Meditation Anywhere
Thu Apr 25 13:55:00 2019,5 min Patience Meditation,Aditi Shah,5.0,Emotions
Thu Apr 25 13:35:00 2019,15 min Body Scan Meditation,Aditi Shah,15.0,Mindfulness
Thu Apr 25 13:23:00 2019,10 min Breathing Meditation,Aditi Shah,10.0,Mindfulness
Thu Apr 25 07:11:00 2019,10 min Empathy Meditation,Kristin McGee,10.0,Emotions
Thu Apr 25 06:53:00 2019,10 min Sleep Meditation,Kristin McGee,10.0,Relax & Sleep
Wed Apr 24 15:01:00 2019,10 min Happiness Meditation,Aditi Shah,10.0,Emotions
Wed Apr 24 05:19:00 2019,15 min Calming Meditation,Kristin McGee,15.0,Relax & Sleep
Wed Apr 24 04:31:00 2019,10 min Breathing Meditation,Kristin McGee,10.0,Mindfulness
Mon Apr 22 15:01:00 2019,10 min Body Scan Meditation,Ross Rayburn,10.0,Mindfulness
Mon Apr 22 04:31:00 2019,10 min Energizing Meditation,Aditi Shah,10.0,Emotions
Fri Apr 19 07:12:00 2019,10 min Sleep Meditation,Ross Rayburn,10.0,Relax & Sleep
Fri Apr 19 06:58:00 2019,5 min Body Scan Meditation,Ross Rayburn,5.0,Mindfulness
Fri Apr 19 04:31:00 2019,10 min Breathing Meditation,Ross Rayburn,10.0,Mindfulness
Wed Apr 17 15:01:00 2019,10 min Empathy Meditation,Aditi Shah,10.0,Emotions
Wed Apr 17 04:30:00 2019,10 min Relaxing Meditation,Kristin McGee,10.0,Relax & Sleep
Mon Apr 15 15:01:00 2019,10 min Kindness Meditation,Ross Rayburn,10.0,Emotions
Mon Apr 15 04:31:00 2019,10 min Body Scan Meditation,Aditi Shah,10.0,Mindfulness
Thu Apr 11 13:27:00 2019,10 min Commute Meditation,Aditi Shah,9.0,Meditation Anywhere
Thu Apr 11 13:18:00 2019,5 min Basics: Mantra,Aditi Shah,5.0,Meditation Basics
Thu Apr 11 06:55:00 2019,10 min Happiness Meditation,Kristin McGee,10.0,Emotions
Thu Apr 11 04:31:00 2019,10 min Energizing Meditation,Kristin McGee,10.0,Emotions
Wed Apr 10 15:01:00 2019,10 min Breathing Meditation,Aditi Shah,10.0,Mindfulness
Tue Apr  9 06:53:00 2019,5 min Basics: My First Meditation,Aditi Shah,5.0,Meditation Basics
Mon Apr  8 15:00:00 2019,10 min Calming Meditation,Ross Rayburn,10.0,Relax & Sleep
Mon Apr  8 04:31:00 2019,10 min Patience Meditation,Aditi Shah,10.0,Emotions
Fri Apr  5 07:09:00 2019,5 min Basics: Sleep,Ross Rayburn,5.0,Meditation Basics
Thu Apr  4 13:13:00 2019,10 min Office Meditation ,Aditi Shah,10.0,Meditation Anywhere
Thu Apr  4 06:56:00 2019,5 min Commute Meditation,Kristin McGee,5.0,Meditation Anywhere
Thu Apr  4 04:31:00 2019,10 min Breathing Meditation,Kristin McGee,10.0,Mindfulness
Wed Apr  3 15:01:00 2019,10 min Gratitude Meditation,Aditi Shah,10.0,Emotions
Wed Apr  3 06:01:00 2019,10 min Body Scan Meditation,Kristin McGee,10.0,Mindfulness
Mon Apr  1 07:23:00 2019,5 min Basics: Emotional Balance,Aditi Shah,5.0,Meditation Basics
Mon Apr  1 04:31:00 2019,10 min Empathy Meditation,Aditi Shah,10.0,Emotions
Fri Mar 29 07:32:00 2019,5 min Breathing Meditation,Aditi Shah,5.0,Mindfulness
Fri Mar 29 07:23:00 2019,5 min Energizing Meditation,Aditi Shah,5.0,Emotions
Fri Mar 29 06:01:00 2019,10 min Relaxing Meditation,Ross Rayburn,10.0,Relax & Sleep
Thu Mar 28 06:36:00 2019,5 min Patience Meditation,Kristin McGee,5.0,Emotions
Thu Mar 28 06:25:00 2019,5 min Empathy Meditation,Kristin McGee,5.0,Emotions
Wed Mar 27 14:51:00 2019,20 min Breathing Meditation,Ross Rayburn,20.0,Mindfulness
Wed Mar 27 13:05:00 2019,15 min Body Scan Meditation,Ross Rayburn,15.0,Mindfulness
Wed Mar 27 05:51:00 2019,20 min Kindness Meditation,Aditi Shah,20.0,Emotions
Tue Mar 26 16:32:00 2019,10 min Breathing Meditation,Kristin McGee,10.0,Mindfulness
Mon Mar 25 06:01:00 2019,10 min Acceptance Meditation,Aditi Shah,10.0,Emotions
Fri Mar 22 07:36:00 2019,5 min Basics: Mantra,Ross Rayburn,5.0,Meditation Basics
Fri Mar 22 06:56:00 2019,5 min Kindness Meditation,Ross Rayburn,5.0,Emotions
Thu Mar 21 07:40:00 2019,5 min Energizing Meditation,Kristin McGee,5.0,Emotions
Thu Mar 21 07:20:00 2019,10 min Relaxing Meditation,Kristin McGee,10.0,Relax & Sleep
Tue Mar 19 08:42:00 2019,10 min Sleep Meditation,Aditi Shah,10.0,Relax & Sleep
Tue Mar 19 08:23:00 2019,5 min Basics: Body Scan ,Aditi Shah,5.0,Meditation Basics
Mon Mar 18 15:01:00 2019,10 min Happiness Meditation,Ross Rayburn,10.0,Emotions
Thu Mar 14 06:01:00 2019,10 min Breathing Meditation,Ross Rayburn,10.0,Mindfulness
Wed Mar 13 07:10:00 2019,5 min Body Scan Meditation,Ross Rayburn,5.0,Mindfulness
Wed Mar 13 05:51:00 2019,20 min Patience Meditation,Aditi Shah,20.0,Emotions
Tue Mar 12 08:31:00 2019,5 min Empathy Meditation,Aditi Shah,5.0,Emotions
Tue Mar 12 08:18:00 2019,10 min Relaxing Meditation,Aditi Shah,10.0,Relax & Sleep
Mon Mar 11 10:52:00 2019,5 min Breathing Meditation,Kristin McGee,5.0,Mindfulness
Mon Mar 11 06:01:00 2019,10 min Gratitude Meditation,Aditi Shah,10.0,Emotions
Thu Mar  7 09:23:00 2019,10 min Body Scan Meditation,Ross Rayburn,10.0,Mindfulness
Wed Mar  6 05:51:00 2019,20 min Breathing Meditation,Aditi Shah,20.0,Mindfulness
Tue Mar  5 09:31:00 2019,10 min Breathing Meditation,Ross Rayburn,10.0,Mindfulness
Mon Mar  4 12:55:00 2019,5 min Meditate While You Wait,Kristin McGee,5.0,Meditation Anywhere
Fri Mar  1 06:01:00 2019,10 min Calming Meditation,Kristin McGee,10.0,Relax & Sleep
Thu Feb 28 15:01:00 2019,10 min Energizing Meditation,Aditi Shah,10.0,Emotions
Thu Feb 28 08:14:00 2019,5 min Acceptance Meditation,Kristin McGee,5.0,Emotions
Wed Feb 27 05:51:00 2019,20 min Body Scan Meditation,Aditi Shah,20.0,Mindfulness
Mon Feb 25 15:01:00 2019,10 min Calming Meditation,Kristin McGee,10.0,Relax & Sleep
Mon Feb 25 11:23:00 2019,10 min Commute Meditation,Ross Rayburn,10.0,Meditation Anywhere
Mon Feb 25 10:51:00 2019,5 min Office Meditation,Ross Rayburn,5.0,Meditation Anywhere
Mon Feb 25 06:01:00 2019,10 min Breathing Meditation,Aditi Shah,10.0,Mindfulness
Thu Feb 21 07:27:00 2019,5 min Body Scan Meditation,Kristin McGee,5.0,Mindfulness
Tue Feb 19 08:05:00 2019,10 min Commute Meditation,Aditi Shah,10.0,Meditation Anywhere
Mon Feb 18 09:00:00 2019,10 min Breathing Meditation,Kristin McGee,10.0,Mindfulness
Mon Feb 18 07:31:00 2019,10 min Breathing Meditation,Aditi Shah,10.0,Mindfulness
Thu Feb 14 04:50:00 2019,5 min Energizing Meditation,Kristin McGee,5.0,Emotions
Wed Feb 13 06:01:00 2019,10 min Kindness Meditation,Aditi Shah,10.0,Emotions
Tue Feb 12 06:39:00 2019,15 min Body Scan Meditation,Aditi Shah,15.0,Mindfulness
Mon Feb 11 15:01:00 2019,10 min Kindness Meditation,Kristin McGee,10.0,Emotions
Mon Feb 11 09:12:00 2019,5 min Basics: Visualizations,Ross Rayburn,5.0,Meditation Basics
Fri Feb  8 06:01:00 2019,10 min Body Scan Meditation,Kristin McGee,10.0,Mindfulness
Thu Feb  7 06:49:00 2019,5 min Office Meditation,Kristin McGee,5.0,Meditation Anywhere
Tue Feb  5 07:55:00 2019,15 min Gratitude Meditation,Aditi Shah,15.0,Emotions
Mon Feb  4 15:02:00 2019,10 min Happiness Meditation,Kristin McGee,10.0,Emotions
Mon Feb  4 06:01:00 2019,10 min Relaxing Meditation,Aditi Shah,10.0,Relax & Sleep
Wed Jan 30 06:01:00 2019,10 min Breathing Meditation,Aditi Shah,10.0,Mindfulness
Mon Jan 28 15:01:00 2019,10 min Acceptance Meditation,Aditi Shah,10.0,Emotions
Mon Jan 28 06:01:00 2019,10 min Breathing Meditation,Kristin McGee,10.0,Mindfulness
Thu Jan 24 13:04:00 2019,5 min Basics: Mantra,Aditi Shah,4.983333333333333,Meditation Basics
Mon Jan 21 15:01:00 2019,10 min Patience Meditation,Aditi Shah,10.0,Emotions
Thu Jan 17 13:14:00 2019,5 min Basics: Sleep,Aditi Shah,5.0,Meditation Basics
Wed Jan 16 06:01:00 2019,10 min Breathing Meditation,Aditi Shah,10.0,Mindfulness
Mon Jan 14 15:01:00 2019,10 min Gratitude Meditation,Aditi Shah,10.0,Emotions
Thu Dec 27 07:53:00 2018,5 min Basics: Body Scan ,Aditi Shah,5.0,Meditation Basics
Thu Dec 27 07:16:00 2018,10 min Calming Meditation,Aditi Shah,10.0,Relax & Sleep
Mon Dec 17 15:01:00 2018,10 min Gratitude Meditation,Aditi Shah,10.0,Emotions
Wed Dec  5 06:01:00 2018,10 min Breathing Meditation,Aditi Shah,10.0,Mindfulness
Fri Feb 23 14:21:00 2018,10 min Meditation,Colleen Saidman Yee,10.0,Mindfulness
Tue Feb 20 08:51:00 2018,5 min Meditation,Colleen Saidman Yee,5.0,Mindfulness
Thu Sep 21 08:00:00 2017,5 min Meditation,Colleen Saidman Yee,4.833333333333333,Mindfulness
Thu Sep 21 08:00:00 2017,10 min Meditation,Colleen Saidman Yee,10.516666666666667,Mindfulness
Thu Jan 18 08:00:00 2018,10 min Breath Meditation,Colleen Saidman Yee,10.0,Mindfulness
Thu Dec  8 08:00:00 2016,10 min Meditation,Colleen Saidman Yee,9.116666666666667,Mindfulness
Tue May 23 08:00:00 2017,10 min Meditation,Colleen Saidman Yee,9.333333333333334,Mindfulness
Wed Dec 12 06:01:00 2018,10 min Relaxing Meditation,Aditi Shah,10.0,Relax & Sleep
Thu Oct 20 04:00:00 2016,5 min Meditation,Colleen Saidman Yee,5.0,Mindfulness
